,fold,conc_score,brier_score,ncancers
0,0,0.991694824737843,0.018346288251698338,1000
0,1,0.9921703434714587,0.01819644257931102,1000
0,2,0.9935093141759251,0.01779218532621905,1000
0,3,0.9918748786087441,0.01843493473487754,1000
0,4,0.9939701017545329,0.018230943583056356,1000
