,cancer_type,concordance,integrated_brier,ncancers_test,fold
0,Cancer_C1,0.9936436836772783,0.017978039805474702,487,0
0,Cancer_C0,0.9917439885916933,0.018182520846931772,513,0
0,Cancer_C1,0.9939464404108733,0.017724705699112497,499,1
0,Cancer_C0,0.9941183772068021,0.017584480818727703,501,1
0,Cancer_C1,0.993528691116029,0.017403851440458234,494,2
0,Cancer_C0,0.9934251287694541,0.017533060877571578,506,2
0,Cancer_C1,0.991002489678863,0.01807213619169811,494,3
0,Cancer_C0,0.9934989133220078,0.01802595139949852,506,3
